{
	"format_version": "1.8.0",
	"animations": {
		"animation.skeleton.idle": {
			"loop": true,
			"bones": {
				"body": {
					"position": [0, "-math.cos(q.anim_time*150+30)*0.1", 0]
				},
				"head": {
					"rotation": [7.5, 0, 0]
				},
				"leftArm": {
					"rotation": [0, 0, "-5+math.cos(q.anim_time*150)*2.5"],
					"position": [0, "-math.cos(q.anim_time*150)*0.1", 0]
				},
				"rightArm": {
					"rotation": ["-77.0375210002+math.cos(q.anim_time*150)*2.5", 39.27345, 8.29012],
					"position": [-0.5, "-math.cos(q.anim_time*150)*0.1", 0]
				},
				"rightArm1_2": {
					"rotation": [-72.5, 0, 0]
				},
				"weapon": {
					"rotation": [0, 12.5, 0]
				},
				"leftLeg": {
					"rotation": [0, -5, 0]
				},
				"rightLeg": {
					"rotation": [0, 5, 0]
				}
			}
		},
		"animation.skeleton.call": {
			"loop": "hold_on_last_frame",
			"animation_length": 3.2083,
			"bones": {
				"all": {
					"rotation": {
						"0.0": [0, 0, 0],
						"0.75": [0, 0, 0],
						"0.875": [0, 0, 0],
						"1.2083": [0, 0, 2.5],
						"1.2917": [0, 0, 2.5],
						"1.5417": [0, 0, 0],
						"1.7083": [0, 0, 0],
						"2.4167": [0, 0, 0],
						"2.5": [0, 0, 0],
						"3.125": [0, 0, 0]
					},
					"position": {
						"0.0": [0, -36, 0],
						"0.125": [0, -26, 0],
						"0.2917": [0, -26, 0],
						"0.75": [0, -26, 0],
						"0.875": [0, -26, 0],
						"1.2083": [-0.5, -24.5, 0],
						"1.2917": [-0.5, -24, 0],
						"1.5417": [-0.5, -23.75, 0],
						"1.7083": [-0.5, -24.25, 0],
						"1.9167": [-0.5, 3.75, 0],
						"2.0": [-0.5, 5.25, 0],
						"2.2083": [0, -4, 0],
						"2.4167": [0, -4, 0],
						"2.5": [0, -4, 0],
						"3.125": [0, 0, 0]
					}
				},
				"head": {
					"rotation": {
						"0.0": [77.5, 0, 0],
						"0.125": [77.5, 0, 0],
						"0.2917": [77.5, 0, 0],
						"0.75": [-10, 0, 0],
						"0.875": [-10, 0, 0],
						"1.5": [-10, 0, 0],
						"1.7083": [-15, 0, 0],
						"2.4167": [-15, 0, 0],
						"2.5": [-15, 0, 0],
						"3.125": [7.5, 0, 0]
					},
					"position": {
						"0.0": [0, 0, 0],
						"0.2917": [0, 0, 0],
						"0.75": [0, 1.5, 0],
						"0.875": [0, 1.5, 0],
						"1.5": [0, 1.5, 0],
						"1.7083": [0, 1.5, 0],
						"2.4167": [0, 1.5, 0],
						"2.5": [0, 1.5, 0],
						"3.125": [0.5, 0.25, 0]
					}
				},
				"leftArm": {
					"rotation": {
						"0.875": [0, 0, 0],
						"1.3333": [-112.45624, -18.692, -5.41382],
						"1.5417": [-89.86023, -20.46583, -13.14932],
						"1.7083": [-94.86023, -20.46583, -13.14932],
						"1.9167": [-95.28189, -30.42695, -12.17168],
						"2.0": [-95.42582, -32.91605, -11.89761],
						"2.2083": [-82.60517, -37.72516, 21.47272],
						"2.4167": [-75.10517, -37.72516, 21.47272],
						"2.5": [-75.10517, -37.72516, 21.47272],
						"3.125": [0, 0, 0]
					},
					"position": {
						"0.0": [0, 0, 0],
						"0.875": [0, 0, 0],
						"1.3333": [0, 2.25, 0],
						"1.5417": [0, 3.25, 0],
						"1.7083": [0, 2.75, 0],
						"2.4167": [0, 2.75, 0],
						"2.5": [0, 2.75, 0],
						"3.125": [0, 0, 0]
					}
				},
				"lefttArm1_2": {
					"rotation": {
						"0.0": [0, 0, 0],
						"0.875": [0, 0, 0],
						"1.3333": [0, 0, 25],
						"1.5417": [0, 0, 32.5],
						"1.7083": [5, 0, 32.5],
						"2.0": [5, 0, 32.5],
						"2.2083": [4.92442, -0.86717, 42.46271],
						"2.4167": [4.92, -0.87, 42.46],
						"2.5": [4.92, -0.87, 42.46],
						"3.125": [7.5, 0, 0]
					},
					"position": [0.5, 0.25, 0]
				},
				"rightArm": {
					"rotation": {
						"0.0": [-180, 0, -15],
						"0.125": [-180, 0, -15],
						"0.2917": [-180, 0, -15],
						"0.75": [-180, 0, -15],
						"0.875": [-180, 0, -15],
						"1.2083": [-72.80527, 7.24884, 13.81476],
						"1.5417": [-70.30527, 7.24884, 13.81476],
						"1.7083": [-75.30527, 7.24884, 13.81476],
						"1.9167": [-72.39172, 33.71055, 21.90936],
						"2.0": [-71.85629, 36.08992, 22.84497],
						"2.2083": [-87.68929, 29.77086, -2.68864],
						"2.4167": [-85.55566, 29.84751, -8.45102],
						"2.5": [-85.55566, 29.84751, -8.45102],
						"3.125": [-77.03752, 39.27345, 8.29012],
						"3.1667": [-82.03752, 39.27345, 8.29012],
						"3.2083": [-77.03752, 39.27345, 8.29012]
					},
					"position": {
						"0.0": [0, 0, 0],
						"0.125": [0, 7, 0],
						"0.2917": [0, 7, 0],
						"0.75": [0, 7, 0],
						"0.875": [0, 7, 0],
						"1.2083": [-1, 6.5, 0],
						"1.5417": [-1, 6.5, 0],
						"1.7083": [-1, 6, 0],
						"2.0": [-1, 6, 0],
						"2.2083": [-1, 5.5, 0],
						"2.4167": [-1, 5.5, 0],
						"2.5": [-1, 5.5, 0],
						"3.125": [-0.5, 0, 0],
						"3.2083": [-0.5, 0, 0]
					}
				},
				"rightArm1_2": {
					"rotation": {
						"0.0": [0, 0, 0],
						"0.75": [0, 0, 0],
						"0.875": [0, 0, 0],
						"1.2083": [0, -52.5, -10],
						"1.5417": [0, -52.5, -10],
						"1.7083": [-3.45244, -54.92471, -5.65089],
						"2.0": [-3.45244, -54.92471, -5.65089],
						"2.2083": [-10.95244, -54.92471, -5.65089],
						"2.4167": [-10.95, -54.92, -5.65],
						"2.5": [-10.95, -54.92, -5.65],
						"3.125": [-72.5, 0, 0],
						"3.1667": [-75, 0, 0],
						"3.2083": [-72.5, 0, 0]
					},
					"position": {
						"0.0": [0, 0, 0],
						"0.75": [0, 0, 0],
						"0.875": [0, 0, 0],
						"1.2083": [-0.75, 0, 0],
						"1.7083": [-0.75, 0, 0],
						"2.0": [-0.75, 0, 0],
						"2.4167": [-0.75, 0, 0],
						"2.5": [-0.75, 0, 0],
						"3.125": [0.5, 0.25, 0],
						"3.2083": [0.5, 0.25, 0]
					}
				},
				"leftLeg": {
					"rotation": {
						"0.0": [-52.5, 0, -22.5],
						"1.7083": [-52.5, 0, -22.5],
						"2.0": [-65, 0, -22.5],
						"2.4167": [-65, 0, -22.5],
						"2.5": [-65, 0, -22.5],
						"3.125": [0, 0, 0]
					},
					"position": {
						"0.0": [0.5, 0.25, 0],
						"1.7083": [0.5, 0.25, 0],
						"2.0": [0.5, 0.25, 0],
						"2.4167": [0.5, 0.25, 0],
						"2.5": [0.5, 0.25, 0],
						"3.125": [0, 0, 0]
					}
				},
				"leftLeg1_2": {
					"rotation": {
						"0.0": [57.5, 0, 0],
						"1.7083": [0, 0, 0],
						"2.0": [60, 0, 0],
						"2.4167": [60, 0, 0],
						"2.5": [60, 0, 0],
						"3.125": [7.5, 0, 0]
					},
					"position": [0.5, 0.25, 0]
				},
				"rightLeg": {
					"rotation": {
						"0.0": [-72.89033, -3.73171, 11.93845],
						"1.7083": [0, 0, 0],
						"2.0": [-77.89033, -3.73171, 11.93845],
						"2.4167": [-77.89, -3.73, 11.94],
						"2.5": [-77.89, -3.73, 11.94],
						"3.125": [0, 0, 0]
					},
					"position": {
						"0.0": [-0.5, 0, 0],
						"1.7083": [0, 0, 0],
						"2.0": [-0.5, 0, 0],
						"2.4167": [-0.5, 0, 0],
						"2.5": [-0.5, 0, 0],
						"3.125": [0, 0, 0]
					}
				},
				"rightLeg1_2": {
					"rotation": {
						"0.0": [67.5, 0, 0],
						"1.7083": [0, 0, 0],
						"2.0": [70, 0, 0],
						"2.4167": [70, 0, 0],
						"2.5": [70, 0, 0],
						"3.125": [7.5, 0, 0]
					},
					"position": [0.5, 0.25, 0]
				},
				"body": {
					"rotation": {
						"0.0": [0, 0, 0],
						"1.7083": [0, 0, 0],
						"1.9167": [12.5, 0, 0],
						"2.0": [15, 0, 0],
						"2.2083": [15, 0, 0],
						"2.4167": [15, 0, 0],
						"2.5": [15, 0, 0],
						"3.125": [7.5, 0, 0]
					},
					"position": {
						"0.0": [0, 0, 0],
						"2.2083": [-0.5, 0, 0],
						"2.4167": [-0.5, -2, 0],
						"2.5": [-0.5, -2, 0],
						"3.125": [0.5, 0.25, 0]
					}
				},
				"leftLeg1_1": {
					"rotation": {
						"0.0": [0, 0, 0],
						"2.2083": [0, 0, 0],
						"2.4167": [-27.5, 0, 0],
						"2.5": [-27.5, 0, 0],
						"3.125": [7.5, 0, 0]
					},
					"position": [0.5, 0.25, 0]
				},
				"rightLeg1_1": {
					"rotation": {
						"0.0": [0, 0, 0],
						"2.2083": [0, 0, 0],
						"2.4167": [-25, 0, 0],
						"2.5": [-25, 0, 0],
						"3.125": [7.5, 0, 0]
					},
					"position": [0.5, 0.25, 0]
				},
				"weapon": {
					"rotation": {
						"2.0": [0, 0, 0],
						"3.125": [0, 12.5, 0],
						"3.1667": [-2.5, 12.5, 0],
						"3.2083": [0, 12.5, 0]
					}
				},
				"scarf1_2_1": {
					"rotation": {
						"0.0": [0, 0, 0],
						"1.7083": [0, 0, 0],
						"1.9167": [-10, 0, 0],
						"2.0": [-12.5, 0, 0],
						"2.2083": [92.5, 0, 0],