{
	"format_version": "1.8.0",
	"animations": {
		"animation.moon_sword.first_person": {
			"loop": true,
			"bones": {
				"rightArm": {
					"rotation": [-83.43386, -2.20003, -82.8177],
					"position": [-6.5, -15.25, -8.75],
					"scale": 0.6
				},
				"sword": {
					"rotation": [-16.38379, -61.83548, -62.29975],
					"position": [-11.75, -0.25, 3.25],
					"scale": 0.4
				},
				"all": {
					"rotation": [8, 0, 0],
					"position": [5.75, 29, -7]
				},
				"leftArm": {
					"rotation": [-70, 0, 0],
					"position": [-15.5, 2, -16.5],
					"scale": 0.6
				},
				"leftArm1": {
					"rotation": [-47.5, 0, 0],
					"position": [-18.5, -1.5, -15.6],
					"scale": 0.5
				},
				"rightArm1": {
					"rotation": [-74.02397, -16.1299, -6.88003],
					"position": [-9.25, -17.75, -7.5],
					"scale": 0.5
				}
			}
		},
		"animation.moon_sword.first_attack": {
			"loop": "hold_on_last_frame",
			"animation_length": 0.5625,
			"bones": {
				"swordMain": {
					"rotation": {
						"0.0": [0, 0, 0],
						"0.0625": [75.05452, 1.29256, 47.33045],
						"0.125": [190.25717, 9.49936, 56.42221],
						"0.1875": [202.75717, 9.49936, 56.42221],
						"0.25": [51.46342, 13.49034, 49.94066],
						"0.375": [-5.99191, -5.0035, -0.08752],
						"0.4375": [0, 0, 0],
						"0.5625": [0, 0, 0]
					},
					"position": {
						"0.0": [0, 0, 0],
						"0.0625": [-0.25, 0.75, 3],
						"0.125": [13.25, 2, 20.25],
						"0.1875": [15.75, 2, 20.25],
						"0.25": [3.25, -5.5, 14.75],
						"0.375": [-3.3, -4, 15],
						"0.4375": [0, 0, 0],
						"0.5625": [0, 0, 0]
					}
				},
				"rightArm1_2": {
					"rotation": {
						"0.0": [0, 0, 0],
						"0.0625": [15, 0, 35],
						"0.125": [16.45574, -20.9942, 116.76271],
						"0.1875": [13.52921, -22.93762, 124.57497],
						"0.25": [22.99438, 13.42886, 37.57564],
						"0.375": [8.99834, 24.96966, -3.17157],
						"0.5625": [0, 0, 0]
					},
					"position": {
						"0.0": [0, 0, 0],
						"0.0625": [-0.75, 0.75, 0],
						"0.125": [0, 1.5, 0],
						"0.1875": [0, 1.5, 0],
						"0.25": [-9.5, 12.25, -2.75],
						"0.3125": [-3.25, 10.13, 22.25],
						"0.375": [-12, 14, 28.25],
						"0.4375": [-7, 8.75, 23.25],
						"0.5625": [0, 0, 0]
					}
				},
				"sword": {
					"rotation": {
						"0.0": [0, 0, 0],
						"0.1875": [0, 0, 0],
						"0.375": [17.5, 10, 0],
						"0.5625": [0, 0, 0]
					},
					"position": {
						"0.0": [0, 0, 0],
						"0.1875": [0, 0, 0],
						"0.375": [-1, -11.5, 3.5],
						"0.4375": [-1, -13.5, 4.5],
						"0.5625": [0, 0, 0]
					}
				},
				"scabbardMain": {
					"rotation": {
						"0.0": [0, 0, 0],
						"0.1875": [0, 0, 0],
						"0.375": [0, -4, 0],
						"0.4375": [0, 0, 0],
						"0.5625": [0, 0, 0]
					},
					"position": {
						"0.0": [0, 0, 0],
						"0.1875": [0, 0, 0],
						"0.375": [0, 0, -8.9],
						"0.4375": [0, 0, 0],
						"0.5625": [0, 0, 0]
					}
				},
				"leftArm1_2": {
					"rotation": {
						"0.0": [0, 0, 0],
						"0.1875": [0, 0, 0],
						"0.3125": [26.67, 0, 0],
						"0.375": [10, 0, 0],
						"0.4375": [37.48247, -0.85481, 2.34941],
						"0.5": [28.70188, -1.62894, 3.36743],
						"0.5625": [0, 0, 0]
					},
					"position": {
						"0.0": [0, 0, 0],
						"0.1875": [0, 0, 0],
						"0.25": [0.16, -1.41, 4],
						"0.3125": [0.33, -5.83, 7],
						"0.375": [1, -7.25, 11.75],
						"0.4375": [-2.5, -12.25, 20.75],
						"0.5": [-0.25, -7.12, 9.88],
						"0.5625": [0, 0, 0]
					}
				}
			}
		},
		"animation.moon_sword.first_attack2": {
			"animation_length": 0.5833,
			"bones": {
				"leftArm1_2": {
					"position": {
						"0.0": [0, 0, 0],
						"0.4583": [0, 0, 0],
						"0.5": {"pre": [0, 0, 0], "post": [0, 0, 4.8]},
						"0.5833": {"pre": [0, 0, 4.8], "post": [0, 0, 0]}
					}
				},
				"rightArm1_2": {
					"rotation": {
						"0.0": [0, 0, 0],
						"0.0417": [7.47303, -11.53605, 11.10175],
						"0.0833": [21.60171, 21.61877, 36.08772],
						"0.125": [11.79612, 46.78926, 55.4537],
						"0.2083": [138.42306, 42.21464, 88.5614],
						"0.25": [150.92306, 42.21464, 88.5614],
						"0.2917": [150.92306, 42.21464, 88.5614],
						"0.3333": [124.35257, 75.2299, 67.52649],
						"0.4167": [23.92005, 58.72817, -36.96585],
						"0.5": [3.76077, 27.76862, -51.21912],
						"0.5833": [0, 0, 0]
					},
					"position": {
						"0.0": [0, 0, 0],
						"0.0417": [-5, 2.25, 7],
						"0.0833": [-5.75, 10.25, 6.75],
						"0.125": [-5.75, 10.5, 6.75],
						"0.2083": [-4.75, 3.25, 7.75],
						"0.25": [-1.75, 3.25, 7.75],
						"0.2917": [0.25, 3.25, 7.75],
						"0.3333": [-1.75, 3.25, 11.75],
						"0.4167": [-3.5, 4.75, 12.25],
						"0.5": [-3.5, 5.75, 20.25],
						"0.5833": [0, 0, 0]
					}
				},
				"swordMain1_2": {
					"rotation": {
						"0.0": [0, 0, 0],
						"0.0417": [5.40961, 22.40972, 2.06754],
						"0.0833": [67.77468, 60.53238, 93.4808],
						"0.125": [70.66626, 69.5377, 140.51255],
						"0.2083": [240.33642, 52.26846, 158.8958],
						"0.25": [245.33642, 52.26846, 158.8958],
						"0.2917": [240.33642, 52.26846, 158.8958],
						"0.3333": [276.0344, 65.88352, 240.06068],
						"0.4167": [340.47798, 45.95907, 333.90722],
						"0.5": [356.51469, 5.01026, 347.00581],
						"0.5417": [356.51469, 5.01026, 347.00581],
						"0.5833": [360, 0, 0]
					},
					"position": {
						"0.0": [0, 0, 0],
						"0.0417": [-3, 6.5, 11.5],
						"0.0833": [5, 13.75, 16],
						"0.125": [5.75, 13.75, 16],
						"0.2083": [7.25, -3.25, 18.25],
						"0.25": [10.75, -8.25, 16.25],
						"0.2917": [11.25, -8.25, 16.25],
						"0.3333": [8.25, -5.25, 18.25],
						"0.4167": [8.25, -2.25, 20],
						"0.5": [6, -2.25, 24],
						"0.5417": [2.75, -3, 14.5],
						"0.5833": [0, 0, 0]
					}
				},
				"scabbardMain": {
					"rotation": {
						"0.0": [0, 0, 0],
						"0.4583": [0, 0, 0],
						"0.5": [0, 5, 0],
						"0.5833": [0, 0, 0]
					},
					"position": {
						"0.0": [0, 0, 0],
						"0.4583": [0, 0, 0],
						"0.5": [3.65, 0, 12.75],
						"0.5833": [0, 0, 0]
					}
				}
			}
		},
		"animation.moon_sword.third_person": {
			"loop": true,
			"bones": {
				"all": {
					"scale": 0.5
				},
				"rightArm1_2": {
					"scale": 0
				},
				"swordMain": {
					"rotation": [-10, 0, 0],
					"position": [0, 4.5, -15]
				},
				"scabbardMain": {
					"rotation": [0, -177.5, 0],
					"position": [20.5, 5, -18.75]
				},
				"leftArm1_2": {
					"scale": 0
				}
			}
		},
		"animation.moon_sword.third_attack": {
			"loop": "hold_on_last_frame",
			"animation_length": 0.5417,
			"bones": {
				"swordMain1_2": {
					"rotation": {
						"0.0": [0, 0, 0],
						"0.0417": [-30.87963, -21.38767, 46.13107],
						"0.125": [-58.80962, -7.38542, 67.58453],
						"0.2083": [-68.80962, -7.38542, 67.58453],
						"0.25": [43.37277, -8.78937, 97.83995],
						"0.3333": [60.87277, -8.78937, 97.83995],
						"0.5417": [0, 0, 0]
					},
					"position": {
						"0.0": [0, 0, 0],
						"0.2083": [0, 0, 0],
						"0.25": [0, 1.75, 0],
						"0.3333": [0, 1.75, 0],
						"0.5417": [0, 0, 0]
					}
				}
			}
		},
		"animation.moon_sword.third_attack2": {
			"animation_length": 0.5417,
			"bones": {
				"swordMain1_2": {
					"rotation": {
						"0.0": [0, 0, 0],
						"0.0833": [-34.76905, -4.29357, -6.15518],
						"0.1667": [-51.68052, -10.20489, -10.81043],
						"0.2083": [-56.68052, -10.20489, -10.81043],
						"0.2917": [42.74173, -10.08337, -7.22142],
						"0.3333": [47.74173, -10.08337, -7.22142],
						"0.5417": [0, 0, 0]
					},
					"position": {
						"0.0": [0, 0, 0],
						"0.0833": [0, 0, -2.75],
						"0.1667": [0, 0, -1.75],
						"0.2083": [0, 0, -1.75],
						"0.2917": [1.5, -1.75, -3.5],
						"0.3333": [1.5, -1.75, -3.5],
						"0.5417": [0, 0, 0]
					}
				}
			}
		}
	}
}