{
  "format_version": "1.8.0",
  "animations": {
    "animation.angel.arms_down": {
      "loop": true,
      "bones": {
        "leftArm": {
          "rotation": [116.53302, -26.14907, 13.41959],
          "position": [1.1, 0, 0]
        },
        "leftArm1_2": {
          "rotation": [45, 0, 0]
        },
        "rightArm": {
          "rotation": [116.53302, 26.14907, -13.41959],
          "position": [-1, 0, 0]
        },
        "rightArm1_2": {
          "rotation": [45, 0, 0]
        }
      }
    },
    "animation.angel.walk": {
      "loop": true,
      "animation_length": 1.0,
      "bones": {
        "leftArm": {
          "rotation": {
            "0.0": [116.53302, -26.14907, 13.41959],
            "0.5": [120, -26.14907, 13.41959],
            "1.0": [116.53302, -26.14907, 13.41959]
          },
          "position": {
            "0.0": [1.1, 0, 0],
            "0.5": [1.1, -0.5, 0.5],
            "1.0": [1.1, 0, 0]
          }
        },
        "rightArm": {
          "rotation": {
            "0.0": [120, 26.14907, -13.41959],
            "0.5": [116.53302, 26.14907, -13.41959],
            "1.0": [120, 26.14907, -13.41959]
          },
          "position": {
            "0.0": [-1, -0.5, 0.5],
            "0.5": [-1, 0, 0],
            "1.0": [-1, -0.5, 0.5]
          }
        },
        "all": {
          "position": {
            "0.0": [0, 0, 0],
            "0.25": [0, 0.5, 0],
            "0.5": [0, 0, 0],
            "0.75": [0, 0.5, 0],
            "1.0": [0, 0, 0]
          }
        }
      }
    },
    "animation.angel.attack": {
      "loop": false,
      "animation_length": 0.5,
      "bones": {
        "leftArm": {
          "rotation": {
            "0.0": [116.53302, -26.14907, 13.41959],
            "0.15": [90, -45, 0],
            "0.25": [45, -60, 0],
            "0.35": [90, -45, 0],
            "0.5": [116.53302, -26.14907, 13.41959]
          },
          "position": {
            "0.0": [1.1, 0, 0],
            "0.25": [3, 0, -3],
            "0.5": [1.1, 0, 0]
          }
        },
        "rightArm": {
          "rotation": {
            "0.0": [116.53302, 26.14907, -13.41959],
            "0.1": [90, 30, 0],
            "0.2": [60, 45, 0],
            "0.3": [90, 30, 0],
            "0.5": [116.53302, 26.14907, -13.41959]
          },
          "position": {
            "0.0": [-1, 0, 0],
            "0.2": [-3, 0, -3],
            "0.5": [-1, 0, 0]
          }
        },
        "all": {
          "position": {
            "0.0": [0, 0, 0],
            "0.25": [0, 0, -2],
            "0.5": [0, 0, 0]
          }
        }
      }
    },
    "animation.angel.teleport": {
      "loop": false,
      "animation_length": 0.5,
      "bones": {
        "all": {
          "scale": {
            "0.0": [1, 1, 1],
            "0.1": [1, 0.95, 1],
            "0.2": [0.9, 1.1, 0.9],
            "0.3": [0.8, 1.2, 0.8],
            "0.4": [0.9, 1.1, 0.9],
            "0.5": [1, 1, 1]
          },
          "position": {
            "0.0": [0, 0, 0],
            "0.2": [0, 2, 0],
            "0.3": [0, 5, 0],
            "0.5": [0, 0, 0]
          }
        }
      }
    },
    "animation.angel.death": {
      "loop": false,
      "animation_length": 2.0,
      "bones": {
        "all": {
          "rotation": {
            "0.0": [0, 0, 0],
            "0.5": [10, 0, 0],
            "1.0": [30, 0, 0],
            "1.5": [60, 0, 0],
            "2.0": [90, 0, 0]
          },
          "position": {
            "0.0": [0, 0, 0],
            "2.0": [0, -10, 0]
          }
        }
      }
    }
  }
}